Si,Gu,Dong,TAZ,Code,Lat,Lon
서울특별시,종로구,삼청동,1,1111054000,37.58500285,126.9818551
서울특별시,종로구,가회동,2,1111060000,37.58004928,126.984788
서울특별시,종로구,청운효자동,3,1111051500,37.58408878,126.9706189
서울특별시,종로구,부암동,4,1111055000,37.59241132,126.9640651
서울특별시,종로구,평창동,5,1111056000,37.60637336,126.9683671
서울특별시,종로구,사직동,6,1111053000,37.57606907,126.9688538
서울특별시,종로구,무악동,7,1111057000,37.57599911,126.9581593
서울특별시,종로구,교남동,8,1111058000,37.57191646,126.9619613
서울특별시,종로구,종로1·2·3·4가동,9,1111061500,37.57449585,126.9902352
서울특별시,종로구,종로5·6가동,10,1111063000,37.57206209,127.0050321
서울특별시,종로구,이화동,11,1111064000,37.57697036,127.0043413
서울특별시,종로구,혜화동,12,1111065000,37.58699421,127.0005336
서울특별시,종로구,창신1동,13,1111067000,37.57071973,127.0163438
서울특별시,종로구,창신2동,14,1111068000,37.57444795,127.010869
서울특별시,종로구,창신3동,15,1111069000,37.57789108,127.0149497
서울특별시,종로구,숭인1동,16,1111070000,37.57781832,127.0156255
서울특별시,종로구,숭인2동,17,1111071000,37.57488071,127.0199649
서울특별시,중구,소공동,18,1114052000,37.56241641,126.9770373
서울특별시,중구,회현동,19,1114054000,37.55729007,126.9793573
서울특별시,중구,명동,20,1114055000,37.56004839,126.9858188
서울특별시,중구,중림동,21,1114068000,37.55370708,126.9642186
서울특별시,중구,필동,22,1114057000,37.56015591,126.9955964
서울특별시,중구,장충동,23,1114058000,37.56190545,127.0078394
서울특별시,중구,광희동,24,1114059000,37.56445698,127.005035
서울특별시,중구,을지로동,25,1114060500,37.566695,126.9913492
서울특별시,중구,신당5동,26,1114065000,37.56512574,127.0218654
서울특별시,중구,황학동,27,1114067000,37.56733971,127.0215957
서울특별시,중구,신당동,28,1114061500,37.56131229,127.0136936
서울특별시,중구,동화동,29,1114066500,37.55998038,127.0194208
서울특별시,중구,다산동,30,1114062500,37.55433385,127.0082946
서울특별시,중구,약수동,31,1114063500,37.55247205,127.0089939
서울특별시,중구,청구동,32,1114064500,37.55707102,127.014687
서울특별시,용산구,후암동,33,1117051000,37.5486994,126.9781527
서울특별시,용산구,용산2가동,34,1117052000,37.54607296,126.9855696
서울특별시,용산구,이태원2동,35,1117066000,37.54190409,126.9901954
서울특별시,용산구,원효로2동,36,1117057000,37.53435336,126.9515473
서울특별시,용산구,효창동,37,1117058000,37.54250943,126.9618381
서울특별시,용산구,용문동,38,1117059000,37.53895668,126.9575849
서울특별시,용산구,청파동,39,1117055500,37.54547742,126.9698725
서울특별시,용산구,원효로1동,40,1117056000,37.5372425,126.9676281
서울특별시,용산구,남영동,41,1117053000,37.54577446,126.9748244
서울특별시,용산구,한강로동,42,1117062500,37.52814037,126.9692277
서울특별시,용산구,이촌1동,43,1117063000,37.52136132,126.9733009
서울특별시,용산구,이촌2동,44,1117064000,37.52628265,126.9546592
서울특별시,용산구,서빙고동,45,1117069000,37.52047772,126.9946528
서울특별시,용산구,이태원1동,46,1117065000,37.53250698,126.9950675
서울특별시,용산구,보광동,47,1117070000,37.52630039,127.0001824
서울특별시,용산구,한남동,48,1117068500,37.53457273,127.0005
서울특별시,성동구,왕십리2동,49,1120052000,37.56108184,127.030512
서울특별시,성동구,행당1동,50,1120056000,37.55850824,127.0361503
서울특별시,성동구,왕십리도선동,51,1120053500,37.56787504,127.0255294
서울특별시,성동구,마장동,52,1120054000,37.56632182,127.045409
서울특별시,성동구,사근동,53,1120055000,37.56150036,127.0453265
서울특별시,성동구,행당2동,54,1120057000,37.55821767,127.0293475
서울특별시,성동구,응봉동,55,1120058000,37.55313662,127.0334014
서울특별시,성동구,금호1가동,56,1120059000,37.55486645,127.0216535
서울특별시,성동구,금호4가동,57,1120062000,37.54717507,127.0223501
서울특별시,성동구,금호2·3가동,58,1120061500,37.55320828,127.0209099
서울특별시,성동구,옥수동,59,1120064500,37.54170744,127.0179738
서울특별시,성동구,성수1가1동,60,1120065000,37.54203211,127.0496882
서울특별시,성동구,성수1가2동,61,1120066000,37.54640122,127.0443491
서울특별시,성동구,성수2가1동,62,1120067000,37.539484,127.054076
서울특별시,성동구,성수2가3동,63,1120069000,37.54822411,127.0552462
서울특별시,성동구,송정동,64,1120072000,37.55453591,127.0695702
서울특별시,성동구,용답동,65,1120079000,37.5640699,127.0555696
서울특별시,광진구,자양3동,66,1121584000,37.533775,127.07291
서울특별시,광진구,자양4동,67,1121584700,37.5341003,127.0662596
서울특별시,광진구,자양1동,68,1121582000,37.53449755,127.0823948
서울특별시,광진구,자양2동,69,1121583000,37.52880243,127.0843895
서울특별시,광진구,화양동,70,1121571000,37.546509,127.071291
서울특별시,광진구,군자동,71,1121573000,37.55516269,127.0758912
서울특별시,광진구,능동,72,1121578000,37.55376088,127.0805523
서울특별시,광진구,중곡4동,73,1121577000,37.55910106,127.0894338
서울특별시,광진구,구의2동,74,1121586000,37.54723979,127.0899234
서울특별시,광진구,구의1동,75,1121585000,37.542414,127.085678
서울특별시,광진구,구의3동,76,1121587000,37.53799119,127.0919832
서울특별시,광진구,광장동,77,1121581000,37.54678388,127.1032451
서울특별시,광진구,중곡1동,78,1121574000,37.56046078,127.080088
서울특별시,광진구,중곡2동,79,1121575000,37.5601468,127.0814726
서울특별시,광진구,중곡3동,80,1121576000,37.56880629,127.0801374
서울특별시,동대문구,용신동,81,1123053600,37.57579709,127.037274
서울특별시,동대문구,제기동,82,1123054500,37.58312836,127.0378225
서울특별시,동대문구,전농1동,83,1123056000,37.5779738,127.0477292
서울특별시,동대문구,전농2동,84,1123057000,37.57809232,127.0600085
서울특별시,동대문구,답십리2동,85,1123061000,37.56739923,127.0612831
서울특별시,동대문구,답십리1동,86,1123060000,37.5718176,127.0512713
서울특별시,동대문구,회기동,87,1123071000,37.59080198,127.0553753
서울특별시,동대문구,청량리동,88,1123070500,37.58627802,127.0472868
서울특별시,동대문구,장안1동,89,1123065000,37.56781702,127.0664117
서울특별시,동대문구,장안2동,90,1123066000,37.57847272,127.0705898
서울특별시,동대문구,휘경1동,91,1123072000,37.59291254,127.0657309
서울특별시,동대문구,휘경2동,92,1123073000,37.59012542,127.0685866
서울특별시,동대문구,이문1동,93,1123074000,37.59781152,127.0654822
서울특별시,동대문구,이문2동,94,1123075000,37.60337376,127.0651022
서울특별시,중랑구,면목본동,95,1126056500,37.58735398,127.0875542
서울특별시,중랑구,면목3·8동,96,1126057500,37.58295612,127.088069
서울특별시,중랑구,망우3동,97,1126066000,37.59189865,127.0949173
서울특별시,중랑구,망우본동,98,1126065500,37.60056042,127.1014856
서울특별시,중랑구,면목2동,99,1126052000,37.58977103,127.0790279
서울특별시,중랑구,면목5동,100,1126055000,37.58575379,127.0794746
서울특별시,중랑구,상봉2동,101,1126059000,37.59289285,127.0808524
서울특별시,중랑구,면목4동,102,1126054000,37.57469791,127.0856068
서울특별시,중랑구,면목7동,103,1126057000,37.57900994,127.0869653
서울특별시,중랑구,상봉1동,104,1126058000,37.59983516,127.0871596
서울특별시,중랑구,신내1동,105,1126068000,37.60587165,127.0995057
서울특별시,중랑구,신내2동,106,1126069000,37.60626576,127.0941604
서울특별시,중랑구,중화1동,107,1126060000,37.60116769,127.0806587
서울특별시,중랑구,중화2동,108,1126061000,37.60283265,127.0761681
서울특별시,중랑구,묵1동,109,1126062000,37.61241654,127.0784803
서울특별시,중랑구,묵2동,110,1126063000,37.60961237,127.0760149
서울특별시,성북구,정릉2동,111,1129063000,37.60446718,127.0111405
서울특별시,성북구,정릉3동,112,1129064000,37.60896072,127.0041808
서울특별시,성북구,정릉4동,113,1129065000,37.61336215,127.007021
서울특별시,성북구,성북동,114,1129052500,37.59105271,127.0032483
서울특별시,성북구,돈암1동,115,1129058000,37.60342066,127.0263779
서울특별시,성북구,돈암2동,116,1129059000,37.59801223,127.0105364
서울특별시,성북구,보문동,117,1129061000,37.58037584,127.0228048
서울특별시,성북구,삼선동,118,1129055500,37.5908443,127.0146413
서울특별시,성북구,동선동,119,1129057500,37.59398095,127.0204093
서울특별시,성북구,정릉1동,120,1129062000,37.60143428,127.0166407
서울특별시,성북구,길음1동,121,1129066000,37.61048624,127.0194557
서울특별시,성북구,길음2동,122,1129068500,37.60681903,127.0272867
서울특별시,성북구,안암동,123,1129060000,37.58581977,127.0213756
서울특별시,성북구,종암동,124,1129070500,37.5990314,127.035222
서울특별시,성북구,월곡1동,125,1129071500,37.61067264,127.0357253
서울특별시,성북구,월곡2동,126,1129072500,37.60577977,127.0478718
서울특별시,성북구,장위1동,127,1129076000,37.61406947,127.0436682
서울특별시,성북구,장위2동,128,1129077000,37.61239272,127.0544997
서울특별시,성북구,장위3동,129,1129078000,37.6165592,127.0566142
서울특별시,성북구,석관동,130,1129081000,37.61296955,127.0614234
서울특별시,강북구,수유1동,131,1130561000,37.63005002,127.0175582
서울특별시,강북구,삼양동,132,1130553400,37.62734029,127.0183669
서울특별시,강북구,삼각산동,133,1130557500,37.61675389,127.0174869
서울특별시,강북구,우이동,134,1130564500,37.64793511,127.0118703
서울특별시,강북구,인수동,135,1130566000,37.64149314,127.0106005
서울특별시,강북구,미아동,136,1130553500,37.62709228,127.0269757
서울특별시,강북구,송중동,137,1130554500,37.61612193,127.0337807
서울특별시,강북구,송천동,138,1130555500,37.61829732,127.0238508
서울특별시,강북구,번1동,139,1130559000,37.6378877,127.0288454
서울특별시,강북구,수유2동,140,1130562000,37.64464425,127.0198896
서울특별시,강북구,수유3동,141,1130563000,37.63872001,127.0231503
서울특별시,강북구,번2동,142,1130560000,37.63213135,127.03878
서울특별시,강북구,번3동,143,1130560600,37.62582814,127.0467694
서울특별시,도봉구,쌍문1동,144,1132066000,37.64803683,127.0260507
서울특별시,도봉구,쌍문2동,145,1132067000,37.65794025,127.0388301
서울특별시,도봉구,쌍문3동,146,1132068000,37.64898397,127.0279223
서울특별시,도봉구,쌍문4동,147,1132068100,37.65645236,127.0283979
서울특별시,도봉구,방학3동,148,1132071000,37.65917284,127.0280094
서울특별시,도봉구,방학1동,149,1132069000,37.66422282,127.0406557
서울특별시,도봉구,방학2동,150,1132070000,37.66821414,127.0350517
서울특별시,도봉구,창1동,151,1132051100,37.64846738,127.0437556
서울특별시,도봉구,창4동,152,1132051400,37.65223421,127.0515367
서울특별시,도봉구,창5동,153,1132051500,37.656334,127.0435868
서울특별시,도봉구,창2동,154,1132051200,37.64140627,127.0356481
서울특별시,도봉구,창3동,155,1132051300,37.63809071,127.042922
서울특별시,도봉구,도봉1동,156,1132052100,37.67869091,127.043413
서울특별시,도봉구,도봉2동,157,1132052200,37.66967394,127.0465333
서울특별시,노원구,월계1동,158,1135056000,37.61998514,127.0628794
서울특별시,노원구,월계2동,159,1135057000,37.63251006,127.0507798
서울특별시,노원구,월계3동,160,1135058000,37.62100223,127.0692305
서울특별시,노원구,공릉1동,161,1135059500,37.62486678,127.0738885
서울특별시,노원구,공릉2동,162,1135060000,37.62128738,127.0833787
서울특별시,노원구,하계1동,163,1135061100,37.64056098,127.0725612
서울특별시,노원구,하계2동,164,1135061200,37.63203897,127.0679492
서울특별시,노원구,중계2·3동,165,1135062500,37.64213007,127.0687317
서울특별시,노원구,중계본동,166,1135061900,37.6477949,127.0802812
서울특별시,노원구,중계1동,167,1135062100,37.65255189,127.0774784
서울특별시,노원구,중계4동,168,1135062400,37.6587571,127.0779712
서울특별시,노원구,상계1동,169,1135063000,37.6799248,127.054958
서울특별시,노원구,상계8동,170,1135070000,37.66673107,127.0515502
서울특별시,노원구,상계9동,171,1135071000,37.66451805,127.0638167
서울특별시,노원구,상계2동,172,1135064000,37.65748117,127.0678627
서울특별시,노원구,상계5동,173,1135067000,37.6627386,127.0694989
서울특별시,노원구,상계3·4동,174,1135066500,37.67291209,127.0832369
서울특별시,노원구,상계10동,175,1135072000,37.6612804,127.0602571
서울특별시,노원구,상계6·7동,176,1135069500,37.65488079,127.0669482
서울특별시,은평구,녹번동,177,1138051000,37.60264141,126.9298925
서울특별시,은평구,대조동,178,1138057000,37.61417377,126.9208058
서울특별시,은평구,불광1동,179,1138052000,37.61034942,126.9320862
서울특별시,은평구,불광2동,180,1138053000,37.6264894,126.9272768
서울특별시,은평구,갈현1동,181,1138055100,37.62369524,126.9166928
서울특별시,은평구,갈현2동,182,1138055200,37.6183624,126.9157111
서울특별시,은평구,구산동,183,1138056000,37.61175483,126.910354
서울특별시,은평구,역촌동,184,1138062500,37.60440325,126.9151009
서울특별시,은평구,응암1동,185,1138058000,37.60070182,126.9267495
서울특별시,은평구,응암2동,186,1138059000,37.59457956,126.9230675
서울특별시,은평구,응암3동,187,1138060000,37.59223599,126.9157208
서울특별시,은평구,신사1동,188,1138063100,37.59779443,126.9117599
서울특별시,은평구,신사2동,189,1138063200,37.59024475,126.9083929
서울특별시,은평구,증산동,190,1138064000,37.58435096,126.9070252
서울특별시,은평구,수색동,191,1138065000,37.58351698,126.8936721
서울특별시,은평구,진관동,192,1138069000,37.63500305,126.9209233
서울특별시,서대문구,천연동,193,1141052000,37.57112134,126.9590716
서울특별시,서대문구,충현동,194,1141056500,37.56480875,126.9547203
서울특별시,서대문구,북아현동,195,1141055500,37.55947337,126.9570378
서울특별시,서대문구,신촌동,196,1141058500,37.55954781,126.9435043
서울특별시,서대문구,연희동,197,1141061500,37.5738861,126.9352199
서울특별시,서대문구,홍제1동,198,1141062000,37.58770557,126.9448889
서울특별시,서대문구,홍제3동,199,1141064000,37.59376361,126.9496893
서울특별시,서대문구,홍제2동,200,1141065500,37.58610187,126.9493669
서울특별시,서대문구,홍은1동,201,1141066000,37.59885449,126.9471461
서울특별시,서대문구,홍은2동,202,1141068500,37.58010808,126.93415
서울특별시,서대문구,남가좌1동,203,1141069000,37.57327826,126.9197815
서울특별시,서대문구,남가좌2동,204,1141070000,37.57843711,126.9238688
서울특별시,서대문구,북가좌1동,205,1141071000,37.57436841,126.9101365
서울특별시,서대문구,북가좌2동,206,1141072000,37.58149981,126.911181
서울특별시,마포구,대흥동,207,1144060000,37.55585028,126.942372
서울특별시,마포구,염리동,208,1144061000,37.54706971,126.9456453
서울특별시,마포구,공덕동,209,1144056500,37.55016941,126.9600304
서울특별시,마포구,아현동,210,1144055500,37.54710578,126.9521564
서울특별시,마포구,용강동,211,1144059000,37.54232557,126.942835
서울특별시,마포구,신수동,212,1144063000,37.54715946,126.9351046
서울특별시,마포구,도화동,213,1144058500,37.54153151,126.949876
서울특별시,마포구,서강동,214,1144065500,37.54748562,126.9319395
서울특별시,마포구,서교동,215,1144066000,37.5551119,126.9145906
서울특별시,마포구,합정동,216,1144068000,37.55161512,126.9117247
서울특별시,마포구,연남동,217,1144071000,37.564509,126.922025
서울특별시,마포구,망원1동,218,1144069000,37.5555852,126.9055896
서울특별시,마포구,망원2동,219,1144070000,37.56031093,126.9023167
서울특별시,마포구,성산1동,220,1144072000,37.56336755,126.907895
서울특별시,마포구,성산2동,221,1144073000,37.56861543,126.9089703
서울특별시,마포구,상암동,222,1144074000,37.57833716,126.8946747
서울특별시,양천구,목1동,223,1147051000,37.530253,126.871153
서울특별시,양천구,목5동,224,1147055000,37.537117,126.881713
서울특별시,양천구,목2동,225,1147052000,37.546047,126.871703
서울특별시,양천구,목3동,226,1147053000,37.544741,126.864421
서울특별시,양천구,목4동,227,1147054000,37.53243,126.868438
서울특별시,양천구,신월1동,228,1147056000,37.53280766,126.8315283
서울특별시,양천구,신월3동,229,1147058000,37.53363313,126.8290832
서울특별시,양천구,신월5동,230,1147060000,37.53858309,126.8271748
서울특별시,양천구,신월2동,231,1147057000,37.52497035,126.8445669
서울특별시,양천구,신정4동,232,1147065000,37.52456004,126.8558033
서울특별시,양천구,신월4동,233,1147059000,37.5246975,126.8400821
서울특별시,양천구,신월6동,234,1147061000,37.51454755,126.8409607
서울특별시,양천구,신월7동,235,1147061100,37.52187649,126.8347047
서울특별시,양천구,신정3동,236,1147064000,37.51515003,126.8547908
서울특별시,양천구,신정1동,237,1147062000,37.51857583,126.8542882
서울특별시,양천구,신정2동,238,1147063000,37.519217,126.870617
서울특별시,양천구,신정6동,239,1147067000,37.515163,126.854807
서울특별시,양천구,신정7동,240,1147068000,37.514418,126.859683
서울특별시,강서구,염창동,241,1150051000,37.55377439,126.8709675
서울특별시,강서구,등촌1동,242,1150052000,37.55583112,126.8589109
서울특별시,강서구,등촌3동,243,1150053500,37.55888732,126.8479185
서울특별시,강서구,가양2동,244,1150060400,37.5673976,126.8512711
서울특별시,강서구,가양3동,245,1150060500,37.56109265,126.8605614
서울특별시,강서구,등촌2동,246,1150053000,37.54265831,126.8625031
서울특별시,강서구,화곡본동,247,1150059000,37.54404753,126.8476629
서울특별시,강서구,화곡2동,248,1150055000,37.5318233,126.854486
서울특별시,강서구,화곡4동,249,1150057000,37.53468572,126.8608018
서울특별시,강서구,화곡6동,250,1150059100,37.55181465,126.8500752
서울특별시,강서구,화곡8동,251,1150059300,37.53269878,126.8483319
서울특별시,강서구,화곡1동,252,1150054000,37.53050717,126.8415913
서울특별시,강서구,공항동,253,1150062000,37.5587849,126.810075
서울특별시,강서구,방화1동,254,1150063000,37.57034125,126.8170501
서울특별시,강서구,방화2동,255,1150064000,37.56671516,126.8067351
서울특별시,강서구,방화3동,256,1150064100,37.57871971,126.8136582
서울특별시,강서구,화곡3동,257,1150056000,37.5425258,126.8384131
서울특별시,강서구,발산1동,258,1150061100,37.55312086,126.8331803
서울특별시,강서구,우장산동,259,1150061500,37.54828757,126.8418355
서울특별시,강서구,가양1동,260,1150060300,37.5694885,126.8447049
서울특별시,구로구,신도림동,261,1153051000,37.5077743,126.8805912
서울특별시,구로구,구로1동,262,1153052000,37.49303785,126.8757865
서울특별시,구로구,구로5동,263,1153056000,37.50010536,126.8893397
서울특별시,구로구,구로2동,264,1153053000,37.4913202,126.8833996
서울특별시,구로구,구로3동,265,1153054000,37.48734847,126.8903308
서울특별시,구로구,구로4동,266,1153055000,37.49157992,126.8891511
서울특별시,구로구,가리봉동,267,1153059500,37.48253206,126.8897168
서울특별시,구로구,고척1동,268,1153072000,37.50040227,126.8627869
서울특별시,구로구,고척2동,269,1153073000,37.50669361,126.8586066
서울특별시,구로구,오류1동,270,1153077000,37.49733108,126.8452957
서울특별시,구로구,수궁동,271,1153079000,37.49389273,126.8314773
서울특별시,구로구,개봉1동,272,1153074000,37.5002454,126.8511412
서울특별시,구로구,개봉2동,273,1153075000,37.49283309,126.8554969
서울특별시,구로구,개봉3동,274,1153076000,37.48599402,126.8538378
서울특별시,구로구,오류2동,275,1153078000,37.48881609,126.8395141
서울특별시,금천구,가산동,276,1154551000,37.47689003,126.8917807
서울특별시,금천구,독산1동,277,1154561000,37.47021775,126.8970432
서울특별시,금천구,독산2동,278,1154562000,37.4631499,126.9034839
서울특별시,금천구,독산3동,279,1154563000,37.47516011,126.9031743
서울특별시,금천구,독산4동,280,1154564000,37.46755324,126.9021683
서울특별시,금천구,시흥1동,281,1154567000,37.4535504,126.90325
서울특별시,금천구,시흥4동,282,1154570000,37.45898011,126.9061848
서울특별시,금천구,시흥2동,283,1154568000,37.44963223,126.9146123
서울특별시,금천구,시흥3동,284,1154569000,37.44025238,126.905798
서울특별시,금천구,시흥5동,285,1154571000,37.45239622,126.9083066
서울특별시,영등포구,여의동,286,1156054000,37.51769079,126.9346118
서울특별시,영등포구,당산1동,287,1156055000,37.52512774,126.8974051
서울특별시,영등포구,양평1동,288,1156061000,37.52366097,126.8882353
서울특별시,영등포구,영등포동,289,1156053500,37.52038845,126.9106975
서울특별시,영등포구,문래동,290,1156060500,37.51710866,126.8995227
서울특별시,영등포구,당산2동,291,1156056000,37.53101326,126.8973485
서울특별시,영등포구,양평2동,292,1156062000,37.53649906,126.8940382
서울특별시,영등포구,신길1동,293,1156063000,37.51116548,126.9214401
서울특별시,영등포구,신길3동,294,1156065000,37.50730069,126.9077512
서울특별시,영등포구,신길4동,295,1156066000,37.508392,126.911283
서울특별시,영등포구,신길5동,296,1156067000,37.50163872,126.9052171
서울특별시,영등포구,신길6동,297,1156068000,37.49937474,126.9098445
서울특별시,영등포구,신길7동,298,1156069000,37.50638748,126.9215116
서울특별시,영등포구,영등포본동,299,1156051500,37.5146671,126.9093401
서울특별시,영등포구,도림동,300,1156058500,37.50949113,126.8959984
서울특별시,영등포구,대림1동,301,1156070000,37.49538491,126.9061951
서울특별시,영등포구,대림2동,302,1156071000,37.49273744,126.8982494
서울특별시,영등포구,대림3동,303,1156072000,37.49831357,126.8980342
서울특별시,동작구,노량진2동,304,1159052000,37.50851695,126.9373569
서울특별시,동작구,대방동,305,1159066000,37.50816076,126.9263264
서울특별시,동작구,노량진1동,306,1159051000,37.51230318,126.9419946
서울특별시,동작구,상도1동,307,1159053000,37.49809667,126.9530782
서울특별시,동작구,상도2동,308,1159054000,37.50546786,126.9423007
서울특별시,동작구,상도3동,309,1159055000,37.49912671,126.9314045
서울특별시,동작구,상도4동,310,1159056000,37.49937495,126.9414014
서울특별시,동작구,흑석동,311,1159060500,37.50578061,126.9665943
서울특별시,동작구,사당1동,312,1159062000,37.48307235,126.9787728
서울특별시,동작구,사당3동,313,1159064000,37.48668611,126.9720387
서울특별시,동작구,사당4동,314,1159065000,37.48097418,126.9716328
서울특별시,동작구,사당5동,315,1159065100,37.48566632,126.9669812
서울특별시,동작구,사당2동,316,1159063000,37.48871356,126.9792532
서울특별시,동작구,신대방1동,317,1159067000,37.48894253,126.9100383
서울특별시,동작구,신대방2동,318,1159068000,37.49840962,126.9245422
서울특별시,관악구,보라매동,319,1162052500,37.48817959,126.9327805
서울특별시,관악구,은천동,320,1162060500,37.48530503,126.9424097
서울특별시,관악구,청룡동,321,1162059500,37.47911357,126.9416385
서울특별시,관악구,낙성대동,322,1162058500,37.47629474,126.9583866
서울특별시,관악구,인헌동,323,1162062500,37.47509832,126.9653238
서울특별시,관악구,남현동,324,1162063000,37.47468456,126.9778733
서울특별시,관악구,청림동,325,1162054500,37.49184879,126.9586286
서울특별시,관악구,행운동,326,1162057500,37.48064099,126.9570298
서울특별시,관악구,중앙동,327,1162061500,37.48419247,126.949751
서울특별시,관악구,성현동,328,1162056500,37.4895301,126.9481593
서울특별시,관악구,서원동,329,1162064500,37.47977219,126.9313766
서울특별시,관악구,신원동,330,1162065500,37.48161077,126.9273799
서울특별시,관악구,신사동,331,1162068500,37.48540753,126.9180949
서울특별시,관악구,신림동,332,1162069500,37.48740071,126.9271173
서울특별시,관악구,조원동,333,1162072500,37.48256322,126.9077952
서울특별시,관악구,서림동,334,1162066500,37.47499542,126.9349993
서울특별시,관악구,대학동,335,1162073500,37.47059713,126.9369585
서울특별시,관악구,삼성동,336,1162074500,37.47010823,126.9329623
서울특별시,관악구,난향동,337,1162071500,37.46152156,126.9187981
서울특별시,관악구,난곡동,338,1162077500,37.47102459,126.9216436
서울특별시,관악구,미성동,339,1162076500,37.47617969,126.9155546
서울특별시,서초구,서초1동,340,1165051000,37.4901932,127.0194681
서울특별시,서초구,서초2동,341,1165052000,37.49206882,127.0249474
서울특별시,서초구,서초3동,342,1165053000,37.48371448,127.0119899
서울특별시,서초구,서초4동,343,1165053100,37.50271635,127.0222106
서울특별시,서초구,잠원동,344,1165054000,37.51496828,127.0139817
서울특별시,서초구,반포본동,345,1165055000,37.50048144,126.9860918
서울특별시,서초구,반포1동,346,1165056000,37.50509359,127.0133782
서울특별시,서초구,반포2동,347,1165057000,37.5045884,126.9944728
서울특별시,서초구,반포3동,348,1165058000,37.51204802,127.005609
서울특별시,서초구,반포4동,349,1165058100,37.49748465,127.0003278
서울특별시,서초구,방배본동,350,1165059000,37.494149,126.9888474
서울특별시,서초구,방배1동,351,1165060000,37.48336375,126.9945155
서울특별시,서초구,방배2동,352,1165061000,37.47984093,126.9857136
서울특별시,서초구,방배3동,353,1165062000,37.4784386,126.9999959
서울특별시,서초구,방배4동,354,1165062100,37.48900788,126.9922427
서울특별시,서초구,양재1동,355,1165065100,37.47166773,127.0266669
서울특별시,서초구,양재2동,356,1165065200,37.470569,127.041231
서울특별시,서초구,내곡동,357,1165066000,37.44935753,127.0583138
서울특별시,강남구,신사동,358,1168051000,37.52397487,127.0227972
서울특별시,강남구,압구정동,359,1168054500,37.53061779,127.0306528
서울특별시,강남구,논현1동,360,1168052100,37.51150513,127.0285356
서울특별시,강남구,논현2동,361,1168053100,37.51728339,127.0372041
서울특별시,강남구,역삼1동,362,1168064000,37.49537399,127.0332844
서울특별시,강남구,삼성1동,363,1168058000,37.51435272,127.0626058
서울특별시,강남구,삼성2동,364,1168059000,37.51120624,127.0459762
서울특별시,강남구,청담동,365,1168056500,37.52509298,127.0492914
서울특별시,강남구,대치1동,366,1168060000,37.49324594,127.0567758
서울특별시,강남구,대치4동,367,1168063000,37.49973075,127.0578497
서울특별시,강남구,대치2동,368,1168061000,37.50230515,127.0641886
서울특별시,강남구,역삼2동,369,1168065000,37.49597081,127.0468136
서울특별시,강남구,도곡1동,370,1168065500,37.4883101,127.0388803
서울특별시,강남구,도곡2동,371,1168065600,37.48372309,127.0464069
서울특별시,강남구,개포1동,372,1168066000,37.48271806,127.0555818
서울특별시,강남구,개포4동,373,1168069000,37.47882622,127.0516625
서울특별시,강남구,개포2동,374,1168067000,37.48978398,127.0690767
서울특별시,강남구,일원본동,375,1168072000,37.48337783,127.0864821
서울특별시,강남구,일원1동,376,1168073000,37.49184926,127.0880233
서울특별시,강남구,일원2동,377,1168074000,37.49215559,127.0736813
서울특별시,강남구,수서동,378,1168075000,37.48890342,127.1049909
서울특별시,강남구,세곡동,379,1168070000,37.4690517,127.1069139
서울특별시,송파구,풍납1동,380,1171051000,37.53806987,127.1220726
서울특별시,송파구,풍납2동,381,1171052000,37.52875421,127.1167692
서울특별시,송파구,거여1동,382,1171053100,37.49693819,127.143303
서울특별시,송파구,거여2동,383,1171053200,37.4935326,127.146824
서울특별시,송파구,마천1동,384,1171054000,37.49601274,127.1499544
서울특별시,송파구,마천2동,385,1171055000,37.49683885,127.1485322
서울특별시,송파구,방이1동,386,1171056100,37.51097748,127.1239065
서울특별시,송파구,오륜동,387,1171056600,37.51550321,127.1342406
서울특별시,송파구,오금동,388,1171057000,37.50299113,127.1280839
서울특별시,송파구,방이2동,389,1171056200,37.51455243,127.1144492
서울특별시,송파구,송파1동,390,1171058000,37.50625438,127.1093064
서울특별시,송파구,석촌동,391,1171060000,37.50356529,127.1036861
서울특별시,송파구,삼전동,392,1171061000,37.50272401,127.0925224
서울특별시,송파구,잠실본동,393,1171065000,37.50614091,127.084327
서울특별시,송파구,송파2동,394,1171059000,37.50231606,127.1167353
서울특별시,송파구,가락본동,395,1171062000,37.49557772,127.1217594
서울특별시,송파구,가락1동,396,1171063100,37.49650229,127.1098536
서울특별시,송파구,가락2동,397,1171063200,37.49867798,127.1266099
서울특별시,송파구,문정1동,398,1171064100,37.49007127,127.1241789
서울특별시,송파구,문정2동,399,1171064200,37.48987846,127.1108941
서울특별시,송파구,장지동,400,1171064600,37.48696736,127.1324391
서울특별시,송파구,위례동,401,1171064700,37.48116507,127.1439372
서울특별시,송파구,잠실7동,402,1171072000,37.50867282,127.0770893
서울특별시,송파구,잠실2동,403,1171067000,37.51189615,127.0885433
서울특별시,송파구,잠실3동,404,1171068000,37.51330109,127.0943765
서울특별시,송파구,잠실4동,405,1171069000,37.52015847,127.1122307
서울특별시,송파구,잠실6동,406,1171071000,37.51811765,127.1006386
서울특별시,강동구,강일동,407,1174051500,37.56504077,127.1739073
서울특별시,강동구,상일동,408,1174052000,37.55058664,127.1683027
서울특별시,강동구,고덕2동,409,1174056000,37.5605039,127.1643546
서울특별시,강동구,명일1동,410,1174053000,37.54976244,127.1459836
서울특별시,강동구,명일2동,411,1174054000,37.54635885,127.15135
서울특별시,강동구,고덕1동,412,1174055000,37.55728157,127.1515079
서울특별시,강동구,암사3동,413,1174059000,37.55500273,127.1407876
서울특별시,강동구,암사2동,414,1174058000,37.55170478,127.1272696
서울특별시,강동구,천호1동,415,1174060000,37.54502047,127.1367991
서울특별시,강동구,천호3동,416,1174062000,37.54004014,127.129784
서울특별시,강동구,암사1동,417,1174057000,37.55147372,127.1326363
서울특별시,강동구,천호2동,418,1174061000,37.54345265,127.1254315
서울특별시,강동구,성내1동,419,1174064000,37.53047266,127.1224554
서울특별시,강동구,성내2동,420,1174065000,37.53242851,127.1295401
서울특별시,강동구,성내3동,421,1174066000,37.52604274,127.1328841
서울특별시,강동구,둔촌1동,422,1174069000,37.53334452,127.1419476
서울특별시,강동구,둔촌2동,423,1174070000,37.53334452,127.1419476
서울특별시,강동구,길동,424,1174068500,37.53922173,127.1461968
인천광역시,중구,연안동,425,2811052000,37.45314798,126.6043406
인천광역시,중구,신포동,426,2811053000,37.47045331,126.625029
인천광역시,중구,신흥동,427,2811054000,37.46765602,126.6340878
인천광역시,중구,북성동,428,2811060000,37.47522611,126.6185426
인천광역시,중구,송월동,429,2811061000,37.47995975,126.6242106
인천광역시,중구,도원동,430,2811056000,37.46809643,126.6379233
인천광역시,중구,율목동,431,2811057000,37.4690696,126.6357253
인천광역시,중구,동인천동,432,2811058500,37.47682773,126.6289499
인천광역시,중구,영종동,433,2811062000,37.49420067,126.5312423
인천광역시,중구,용유동,434,2811063000,37.44399274,126.4028436
인천광역시,중구,운서동,435,2811062800,37.49333074,126.4883435
인천광역시,동구,만석동,436,2814051000,37.48323359,126.6256944
인천광역시,동구,화수2동,437,2814053000,37.48438552,126.630177
인천광역시,동구,송현3동,438,2814057000,37.48228973,126.6426457
인천광역시,동구,송림4동,439,2814061000,37.47819055,126.6499223
인천광역시,동구,화수1·화평동,440,2814052500,37.48155663,126.6299037
인천광역시,동구,송현1·2동,441,2814055500,37.47849853,126.6333837
인천광역시,동구,송림1동,442,2814058000,37.47627264,126.640227
인천광역시,동구,금창동,443,2814064000,37.47251421,126.6397809
인천광역시,동구,송림2동,444,2814059000,37.47581618,126.6426807
인천광역시,동구,송림3·5동,445,2814060500,37.47472692,126.6488038
인천광역시,동구,송림6동,446,2814063000,37.47731555,126.6477989
인천광역시,남구,숭의2동,447,2817052000,37.46289086,126.6487599
인천광역시,남구,숭의4동,448,2817054000,37.46483887,126.6591368
인천광역시,남구,도화1동,449,2817063000,37.46091116,126.6738308
인천광역시,남구,학익1동,450,2817060000,37.43984487,126.6641212
인천광역시,남구,학익2동,451,2817061000,37.44658016,126.6674731
인천광역시,남구,용현2동,452,2817056000,37.45658938,126.6411386
인천광역시,남구,용현3동,453,2817057000,37.45674262,126.6518986
인천광역시,남구,용현5동,454,2817059000,37.45255055,126.6402605
인천광역시,남구,용현1·4동,455,2817055500,37.45479946,126.6585751
인천광역시,남구,주안5동,456,2817070000,37.46582176,126.6868856
인천광역시,남구,숭의1·3동,457,2817053500,37.46724577,126.6472305
인천광역시,남구,도화2·3동,458,2817064500,37.47092187,126.666143
인천광역시,남구,관교동,459,2817073500,37.44417826,126.6968088
인천광역시,남구,문학동,460,2817074000,37.43768216,126.6850028
인천광역시,남구,주안1동,461,2817066000,37.46379213,126.67658
인천광역시,남구,주안2동,462,2817067000,37.4546988,126.672724
인천광역시,남구,주안4동,463,2817069000,37.45512701,126.6903021
인천광역시,남구,주안6동,464,2817071000,37.46128013,126.6923121
인천광역시,남구,주안3동,465,2817068000,37.4448844,126.6740311
인천광역시,남구,주안7동,466,2817072000,37.44845533,126.6776569
인천광역시,남구,주안8동,467,2817073000,37.44954079,126.6894727
인천광역시,연수구,옥련1동,468,2818563000,37.42737699,126.6550916
인천광역시,연수구,옥련2동,469,2818564000,37.42619013,126.6482905
인천광역시,연수구,선학동,470,2818575000,37.42250526,126.7012975
인천광역시,연수구,연수1동,471,2818576100,37.42225409,126.6810564
인천광역시,연수구,연수2동,472,2818576200,37.41167083,126.6818369
인천광역시,연수구,연수3동,473,2818576300,37.41932878,126.6919591
인천광역시,연수구,동춘3동,474,2818579500,37.40845793,126.6783259
인천광역시,연수구,청학동,475,2818576600,37.42501243,126.6660909
인천광역시,연수구,동춘1동,476,2818578000,37.40959833,126.6707738
인천광역시,연수구,동춘2동,477,2818579000,37.40274918,126.6693212
인천광역시,연수구,송도2동,478,2818583000,37.40327143,126.641648
인천광역시,연수구,송도1동,479,2818582000,37.3910522,126.6520801
인천광역시,연수구,송도3동,480,2818584000,37.37148506,126.6601644
인천광역시,남동구,구월1동,481,2820051000,37.447646,126.712597
인천광역시,남동구,구월3동,482,2820052100,37.45269025,126.6969396
인천광역시,남동구,구월4동,483,2820052200,37.44963442,126.7240627
인천광역시,남동구,구월2동,484,2820052000,37.45610969,126.7133527
인천광역시,남동구,간석2동,485,2820054000,37.46398388,126.7109451
인천광역시,남동구,간석1동,486,2820053000,37.45861555,126.7052865
인천광역시,남동구,간석3동,487,2820055000,37.46610891,126.7146813
인천광역시,남동구,간석4동,488,2820055100,37.46735236,126.6991759
인천광역시,남동구,만수1동,489,2820056000,37.44872162,126.7319683
인천광역시,남동구,만수2동,490,2820057000,37.46138937,126.7311596
인천광역시,남동구,만수3동,491,2820058000,37.46196582,126.7230066
인천광역시,남동구,만수4동,492,2820058100,37.45947472,126.73562
인천광역시,남동구,만수5동,493,2820058200,37.45783848,126.7277707
인천광역시,남동구,만수6동,494,2820058300,37.44376943,126.7376522
인천광역시,남동구,장수서창동,495,2820065000,37.43587947,126.747365
인천광역시,남동구,남촌도림동,496,2820066000,37.4301038,126.7159505
인천광역시,남동구,논현1동,497,2820069000,37.40569166,126.729321
인천광역시,남동구,논현2동,498,2820070000,37.40422428,126.7163939
인천광역시,남동구,논현고잔동,499,2820071000,37.39776984,126.7263891
인천광역시,부평구,부평1동,500,2823751000,37.49421472,126.7200673
인천광역시,부평구,부평4동,501,2823754000,37.49884633,126.7296486
인천광역시,부평구,부평5동,502,2823755000,37.49363235,126.728315
인천광역시,부평구,산곡1동,503,2823757000,37.50694765,126.7002254
인천광역시,부평구,산곡2동,504,2823758000,37.50585828,126.7086009
인천광역시,부평구,산곡3동,505,2823758100,37.49075733,126.7094355
인천광역시,부평구,산곡4동,506,2823758200,37.50174363,126.7114706
인천광역시,부평구,청천1동,507,2823759100,37.52028403,126.7022176
인천광역시,부평구,청천2동,508,2823759200,37.51487362,126.7045397
인천광역시,부평구,갈산1동,509,2823764100,37.51760682,126.7274281
인천광역시,부평구,갈산2동,510,2823764200,37.51074539,126.7257139
인천광역시,부평구,삼산1동,511,2823764600,37.51821428,126.737155
인천광역시,부평구,삼산2동,512,2823764800,37.51178926,126.7363647
인천광역시,부평구,십정1동,513,2823768000,37.47580429,126.6961219
인천광역시,부평구,십정2동,514,2823769000,37.47387357,126.7078611
인천광역시,부평구,부평2동,515,2823752000,37.48688956,126.717925
인천광역시,부평구,부평3동,516,2823753000,37.48605461,126.7082726
인천광역시,부평구,부평6동,517,2823756000,37.48515187,126.7265946
인천광역시,부평구,부개1동,518,2823765000,37.48470719,126.7368865
인천광역시,부평구,일신동,519,2823767000,37.48453636,126.7469542
인천광역시,부평구,부개2동,520,2823766000,37.49481732,126.7371223
인천광역시,부평구,부개3동,521,2823766100,37.50431539,126.7347056
인천광역시,계양구,효성1동,522,2824560100,37.53246011,126.7121334
인천광역시,계양구,효성2동,523,2824560200,37.52504578,126.7098143
인천광역시,계양구,계산1동,524,2824561100,37.53959788,126.7213436
인천광역시,계양구,계산2동,525,2824561200,37.54420661,126.72814
인천광역시,계양구,계산3동,526,2824561300,37.53773489,126.7289785
인천광역시,계양구,작전1동,527,2824562100,37.53080034,126.7296971
인천광역시,계양구,작전2동,528,2824562200,37.53291557,126.7239094
인천광역시,계양구,계산4동,529,2824561400,37.53456688,126.741704
인천광역시,계양구,작전서운동,530,2824564000,37.52810395,126.7364234
인천광역시,계양구,계양2동,531,2824572000,37.54378002,126.7370311
인천광역시,계양구,계양1동,532,2824571000,37.57670919,126.7339008
인천광역시,계양구,계양3동,533,2824573000,37.56157839,126.7548992
인천광역시,서구,검암경서동,534,2826051500,37.5644173,126.6736012
인천광역시,서구,검단2동,535,2826064000,37.61720043,126.6889683
인천광역시,서구,검단3동,536,2826065000,37.59521788,126.7016536
인천광역시,서구,검단4동,537,2826066000,37.59243187,126.6746504
인천광역시,서구,검단1동,538,2826063000,37.60513086,126.6617954
인천광역시,서구,검단5동,539,2826067000,37.59712376,126.6375184
인천광역시,서구,연희동,540,2826053000,37.54890642,126.6784429
인천광역시,서구,가정1동,541,2826054200,37.52641674,126.6705158
인천광역시,서구,가정2동,542,2826054300,37.52503725,126.6801335
인천광역시,서구,가정3동,543,2826054400,37.51554487,126.6778371
인천광역시,서구,석남1동,544,2826055000,37.5111868,126.6747613
인천광역시,서구,석남3동,545,2826056100,37.50820325,126.6782995
인천광역시,서구,가좌2동,546,2826059000,37.49068189,126.6852389
인천광역시,서구,석남2동,547,2826056000,37.50262976,126.6746087
인천광역시,서구,가좌1동,548,2826058000,37.49434354,126.6725866
인천광역시,서구,가좌3동,549,2826060000,37.49250149,126.6800368
인천광역시,서구,가좌4동,550,2826061000,37.48739388,126.6833857
인천광역시,서구,신현원창동,551,2826057500,37.51460808,126.6722844
인천광역시,서구,청라1동,552,2826053600,37.53266111,126.653734
인천광역시,서구,청라3동,553,2826053700,37.52466941,126.6295277
인천광역시,서구,청라2동,554,2826053900,37.53257769,126.6442822
인천광역시,강화군,강화읍,555,2871025000,37.74814871,126.4835173
인천광역시,강화군,선원면,556,2871031000,37.71351057,126.4846672
인천광역시,강화군,불은면,557,2871032000,37.68667527,126.4803329
인천광역시,강화군,길상면,558,2871033000,37.64020772,126.491126
인천광역시,강화군,화도면,559,2871034000,37.63170486,126.4198441
인천광역시,강화군,양도면,560,2871035000,37.66320134,126.4219913
인천광역시,강화군,내가면,561,2871036000,37.71974437,126.389714
인천광역시,강화군,하점면,562,2871037000,37.77426311,126.4115679
인천광역시,강화군,양사면,563,2871038000,37.79824904,126.4087073
인천광역시,강화군,송해면,564,2871039000,37.76468729,126.4630737
인천광역시,강화군,교동면,565,2871040000,37.78431729,126.2831007
인천광역시,강화군,삼산면,566,2871041000,37.70361578,126.3210192
인천광역시,강화군,서도면,567,2871042000,37.65049439,126.2392789
인천광역시,옹진군,북도면,568,2872031000,37.53287601,126.4287587
인천광역시,옹진군,연평면,569,2872038000,37.66483544,125.7021793
인천광역시,옹진군,백령면,570,2872033000,37.97422437,124.718502
인천광역시,옹진군,대청면,571,2872034000,37.82534085,124.7122786
인천광역시,옹진군,덕적면,572,2872035000,37.22766981,126.1446936
인천광역시,옹진군,자월면,573,2872037000,37.25406406,126.3071485
인천광역시,옹진군,영흥면,574,2872036000,37.25570102,126.4840807
경기도,수원시장안구,파장동,575,4111156000,37.3084021,126.9947975
경기도,수원시장안구,율천동,576,4111156600,37.2976151,126.9714245
경기도,수원시장안구,정자1동,577,4111157100,37.36177507,127.1113594
경기도,수원시장안구,송죽동,578,4111159100,37.3005377,127.0070471
경기도,수원시장안구,영화동,579,4111158000,37.293163,127.0141019
경기도,수원시장안구,조원1동,580,4111159700,37.3017982,127.0164992
경기도,수원시장안구,조원2동,581,4111159800,37.3056158,127.009678
경기도,수원시장안구,정자2동,582,4111157200,37.36614708,127.1151798
경기도,수원시장안구,정자3동,583,4111157300,37.36093816,127.1195108
경기도,수원시장안구,연무동,584,4111160000,37.2904253,127.0214219
경기도,수원시권선구,세류1동,585,4111352000,37.2622543,127.0084008
경기도,수원시권선구,세류2동,586,4111353000,37.253366,127.0130755
경기도,수원시권선구,세류3동,587,4111354000,37.2590463,127.0119447
경기도,수원시권선구,평동,588,4111355000,37.2580592,126.9941697
경기도,수원시권선구,서둔동,589,4111356000,37.2726013,126.9860687
경기도,수원시권선구,구운동,590,4111365000,37.2771183,126.9714683
경기도,수원시권선구,입북동,591,4111370000,37.293211,126.9595437
경기도,수원시권선구,금곡동,592,4111366200,37.35180437,127.1071492
경기도,수원시권선구,호매실동,593,4111366400,37.2662294,126.9570464
경기도,수원시권선구,권선1동,594,4111367000,37.2577504,127.0246059
경기도,수원시권선구,곡선동,595,4111369000,37.2433171,127.0333291
경기도,수원시권선구,권선2동,596,4111368000,37.251323,127.0297121
경기도,수원시팔달구,인계동,597,4111573000,37.2703764,127.0213359
경기도,수원시팔달구,매교동,598,4111565000,37.2685718,127.0142506
경기도,수원시팔달구,매산동,599,4111566000,37.2687347,127.0056957
경기도,수원시팔달구,행궁동,600,4111574000,37.2840483,127.0126477
경기도,수원시팔달구,고등동,601,4111567000,37.27863408,127.0038464
경기도,수원시팔달구,화서1동,602,4111568000,37.2764224,126.9950343
경기도,수원시팔달구,화서2동,603,4111569000,37.2850897,126.9862829
경기도,수원시팔달구,지동,604,4111570000,37.282038,127.0284703
경기도,수원시팔달구,우만1동,605,4111571000,37.2853824,127.0294188
경기도,수원시팔달구,우만2동,606,4111572000,37.2780017,127.0397805
경기도,수원시영통구,매탄3동,607,4111753000,37.2564476,127.0431058
경기도,수원시영통구,영통1동,608,4111757000,37.2663431,127.0805544
경기도,수원시영통구,영통2동,609,4111758000,37.2469631,127.0563236
경기도,수원시영통구,태장동,610,4111759000,37.23884539,127.0514344
경기도,수원시영통구,매탄1동,611,4111751000,37.2705012,127.0405297
경기도,수원시영통구,매탄2동,612,4111752000,37.270149,127.0474385
경기도,수원시영통구,매탄4동,613,4111754000,37.2651207,127.048707
경기도,수원시영통구,원천동,614,4111755000,37.2734948,127.0532675
경기도,수원시영통구,광교1동,615,4111760000,37.2901809,127.047397
경기도,수원시영통구,광교2동,616,4111761000,37.2921827,127.0700853
경기도,성남시수정구,신흥1동,617,4113151000,37.4430499,127.1411824
경기도,성남시수정구,신흥3동,618,4113153000,37.4435307,127.1488541
경기도,성남시수정구,신흥2동,619,4113152000,37.4486414,127.1458626
경기도,성남시수정구,산성동,620,4113160000,37.4522113,127.1500738
경기도,성남시수정구,태평1동,621,4113154000,37.4407639,127.1261626
경기도,성남시수정구,수진2동,622,4113158000,37.4373157,127.1287467
경기도,성남시수정구,태평2동,623,4113155000,37.4471327,127.1387084
경기도,성남시수정구,태평3동,624,4113156000,37.4453407,127.1330728
경기도,성남시수정구,태평4동,625,4113156100,37.4479476,127.141395
경기도,성남시수정구,수진1동,626,4113157000,37.4385727,127.1390271
경기도,성남시수정구,단대동,627,4113159000,37.4496452,127.1556651
경기도,성남시수정구,양지동,628,4113161000,37.4549,127.1609609
경기도,성남시수정구,신촌동,629,4113163000,37.45467455,127.1043985
경기도,성남시수정구,고등동,630,4113164000,37.42508144,127.101554
경기도,성남시수정구,시흥동,631,4113165000,37.4220695,127.1081641
경기도,성남시수정구,복정동,632,4113162000,37.4658795,127.1271136
경기도,성남시수정구,위례동,633,4113162500,37.48124437,127.1441394
경기도,성남시중원구,성남동,634,4113351000,37.4320362,127.1315804
경기도,성남시중원구,하대원동,635,4113366000,37.428285,127.1463609
경기도,성남시중원구,금광1동,636,4113353000,37.4450842,127.1624451
경기도,성남시중원구,금광2동,637,4113354000,37.4462713,127.1640162
경기도,성남시중원구,상대원3동,638,4113359000,37.4396739,127.1654437
경기도,성남시중원구,중앙동,639,4113352500,37.44460829,127.1577506
경기도,성남시중원구,은행1동,640,4113355000,37.452121,127.1689249
경기도,성남시중원구,은행2동,641,4113356000,37.457079,127.166673
경기도,성남시중원구,상대원1동,642,4113357000,37.4332097,127.1643854
경기도,성남시중원구,상대원2동,643,4113358000,37.4389088,127.1583231
경기도,성남시중원구,도촌동,644,4113367000,37.4164952,127.1527859
경기도,성남시분당구,분당동,645,4113551000,37.3701078,127.1310793
경기도,성남시분당구,수내3동,646,4113554000,37.3668623,127.1261381
경기도,성남시분당구,수내2동,647,4113553000,37.3724614,127.1208549
경기도,성남시분당구,정자2동,648,4113556000,37.36612241,127.1152433
경기도,성남시분당구,정자3동,649,4113557000,37.36094668,127.1195644
경기도,성남시분당구,구미동,650,4113567000,37.340228,127.1226133
경기도,성남시분당구,금곡동,651,4113566200,37.35177026,127.1071707
경기도,성남시분당구,구미1동,652,4113566500,37.3492851,127.1117751
경기도,성남시분당구,수내1동,653,4113552000,37.3754628,127.1180642
경기도,성남시분당구,서현1동,654,4113558000,37.382861,127.1260475
경기도,성남시분당구,서현2동,655,4113559000,37.3760542,127.1346032
경기도,성남시분당구,정자1동,656,4113555000,37.36157045,127.1114238
경기도,성남시분당구,정자동,657,4113554500,37.36190159,127.1115575
경기도,성남시분당구,이매1동,658,4113560000,37.3995539,127.1271642
경기도,성남시분당구,이매2동,659,4113561000,37.3995775,127.1218922
경기도,성남시분당구,야탑1동,660,4113562000,37.4120495,127.1302351
경기도,성남시분당구,야탑3동,661,4113564000,37.4108334,127.1379411
경기도,성남시분당구,야탑2동,662,4113563000,37.4094253,127.1273751
경기도,성남시분당구,운중동,663,4113568000,37.3905828,127.0778911
경기도,성남시분당구,삼평동,664,4113565500,37.4061281,127.1163097
경기도,성남시분당구,판교동,665,4113565000,37.3899222,127.098673
경기도,성남시분당구,백현동,666,4113565700,37.3885382,127.1108396
경기도,의정부시,의정부1동,667,4115051000,37.746447,127.04762
경기도,의정부시,의정부2동,668,4115052000,37.740776,127.042791
경기도,의정부시,의정부3동,669,4115053000,37.732708,127.048907
경기도,의정부시,호원1동,670,4115054500,37.711974,127.048752
경기도,의정부시,장암동,671,4115056100,37.726407,127.054263
경기도,의정부시,호원2동,672,4115055500,37.726416,127.043055
경기도,의정부시,신곡1동,673,4115056700,37.731536,127.056784
경기도,의정부시,신곡2동,674,4115056800,37.743664,127.057924
경기도,의정부시,송산1동,675,4115057300,37.73115,127.086705
경기도,의정부시,자금동,676,4115058000,37.750316,127.058157
경기도,의정부시,송산2동,677,4115057600,37.739744,127.090003
경기도,의정부시,가능1동,678,4115059000,37.750636,127.038647
경기도,의정부시,가능2동,679,4115060000,37.74154248,127.0347126
경기도,의정부시,가능3동,680,4115061000,37.74287515,127.0311446
경기도,의정부시,녹양동,681,4115062000,37.760116,127.03226
경기도,안양시만안구,안양1동,682,4117151000,37.3991017,126.9258992
경기도,안양시만안구,안양4동,683,4117154000,37.3965447,126.9178744
경기도,안양시만안구,안양5동,684,4117155000,37.3942978,126.9208446
경기도,안양시만안구,안양2동,685,4117152000,37.4050864,126.9178334
경기도,안양시만안구,안양3동,686,4117153000,37.396283,126.9147441
경기도,안양시만안구,안양6동,687,4117156000,37.3900691,126.9305786
경기도,안양시만안구,안양8동,688,4117158000,37.384217,126.9321332
경기도,안양시만안구,안양9동,689,4117158100,37.3914704,126.9084212
경기도,안양시만안구,안양7동,690,4117157000,37.38966,126.935008
경기도,안양시만안구,석수1동,691,4117159000,37.4196236,126.9106237
경기도,안양시만안구,석수2동,692,4117160000,37.4138669,126.9093744
경기도,안양시만안구,석수3동,693,4117161000,37.4092095,126.8951841
경기도,안양시만안구,박달1동,694,4117162100,37.4036528,126.9091744
경기도,안양시만안구,박달2동,695,4117163000,37.4017581,126.9015147
경기도,안양시동안구,비산1동,696,4117351000,37.399827,126.9334338
경기도,안양시동안구,비산3동,697,4117353000,37.4044209,126.9448869
경기도,안양시동안구,관양1동,698,4117355000,37.4047888,126.9645303
경기도,안양시동안구,비산2동,699,4117352000,37.3970777,126.9414003
경기도,안양시동안구,부흥동,700,4117354000,37.393671,126.9471714
경기도,안양시동안구,달안동,701,4117354600,37.3960978,126.9501783
경기도,안양시동안구,부림동,702,4117356600,37.39920004,126.9596564
경기도,안양시동안구,평안동,703,4117357600,37.3904012,126.9642706
경기도,안양시동안구,귀인동,704,4117357800,37.3855228,126.9694987
경기도,안양시동안구,범계동,705,4117361000,37.3897628,126.9525132
경기도,안양시동안구,신촌동,706,4117362000,37.38178616,126.9564194
경기도,안양시동안구,관양2동,707,4117356000,37.4022858,126.9710008
경기도,안양시동안구,평촌동,708,4117357000,37.389391,126.9736933
경기도,안양시동안구,호계3동,709,4117360000,37.366601,126.9569937
경기도,안양시동안구,호계1동,710,4117358000,37.3708651,126.9583099
경기도,안양시동안구,호계2동,711,4117359000,37.3811887,126.9526451
경기도,안양시동안구,갈산동,712,4117363000,37.376144,126.9661696
경기도,부천시,심곡2동,713,4119051000,37.4873437,126.7871013
경기도,부천시,심곡1동,714,4119052000,37.49101006,126.7806235
경기도,부천시,심곡3동,715,4119053000,37.48911762,126.7751664
경기도,부천시,원미2동,716,4119054000,37.49204294,126.7883539
경기도,부천시,소사동,717,4119055000,37.48604277,126.7946223
경기도,부천시,원미1동,718,4119056000,37.4963714,126.7869622
경기도,부천시,역곡1동,719,4119057000,37.48923749,126.8166828
경기도,부천시,역곡2동,720,4119058000,37.48616737,126.8067239
경기도,부천시,춘의동,721,4119059000,37.50275864,126.7858361
경기도,부천시,도당동,722,4119060000,37.5163493,126.7859466
경기도,부천시,약대동,723,4119065000,37.51340226,126.771346
경기도,부천시,중동,724,4119061000,37.4877311,126.7681611
경기도,부천시,중1동,725,4119066000,37.49815708,126.7714675
경기도,부천시,중2동,726,4119067000,37.49465317,126.7699061
경기도,부천시,중4동,727,4119064000,37.5059289,126.7625511
경기도,부천시,중3동,728,4119068000,37.50378016,126.7780785
경기도,부천시,상동,729,4119062000,37.49502878,126.7607675
경기도,부천시,상1동,730,4119063000,37.49262683,126.7533857
경기도,부천시,상2동,731,4119069000,37.5004786,126.7541887
경기도,부천시,상3동,732,4119070000,37.50822319,126.7510535
경기도,부천시,심곡본동,733,4119071000,37.4806541,126.7799639
경기도,부천시,심곡본1동,734,4119072000,37.48242237,126.7789324
경기도,부천시,소사본동,735,4119075000,37.4762344,126.7920736
경기도,부천시,소사본3동,736,4119076000,37.47315425,126.7980169
경기도,부천시,괴안동,737,4119077000,37.4782062,126.8069574
경기도,부천시,범박동,738,4119078000,37.47072995,126.8098538
경기도,부천시,역곡3동,739,4119079000,37.48256246,126.8102145
경기도,부천시,송내1동,740,4119073000,37.4841333,126.7560784
경기도,부천시,송내2동,741,4119074000,37.48256542,126.769529
경기도,부천시,성곡동,742,4119080000,37.5165914,126.803328
경기도,부천시,원종1동,743,4119084000,37.52592193,126.8054379
경기도,부천시,원종2동,744,4119085000,37.52517352,126.7990928
경기도,부천시,오정동,745,4119083000,37.5279763,126.7959895
경기도,부천시,신흥동,746,4119086000,37.51985327,126.7736921
경기도,부천시,고강본동,747,4119081000,37.52740482,126.8251203
경기도,부천시,고강1동,748,4119082000,37.52995506,126.8120548
경기도,광명시,광명1동,749,4121051000,37.48862,126.862667
경기도,광명시,광명2동,750,4121052000,37.483358,126.855924
경기도,광명시,광명3동,751,4121054000,37.480234,126.856934
경기도,광명시,광명4동,752,4121055000,37.477134,126.856316
경기도,광명시,광명5동,753,4121056000,37.478766,126.847512
경기도,광명시,광명6동,754,4121057000,37.471088,126.84864
경기도,광명시,광명7동,755,4121058000,37.46988,126.854426
경기도,광명시,철산1동,756,4121059000,37.490742,126.867862
경기도,광명시,철산2동,757,4121060000,37.484689,126.866622
경기도,광명시,철산3동,758,4121061000,37.476947,126.872207
경기도,광명시,철산4동,759,4121062000,37.474091,126.864502
경기도,광명시,하안1동,760,4121063100,37.465122,126.869133
경기도,광명시,하안2동,761,4121063200,37.464703,126.874724
경기도,광명시,하안3동,762,4121063300,37.458713,126.88162
경기도,광명시,하안4동,763,4121063400,37.465712,126.877729
경기도,광명시,소하1동,764,4121064000,37.452222,126.884971
경기도,광명시,소하2동,765,4121065000,37.4321,126.8802
경기도,광명시,학온동,766,4121066000,37.415459,126.851346
경기도,평택시,팽성읍,767,4122025000,36.9651751,127.0623454
경기도,평택시,안중읍,768,4122025300,36.9860335,126.9313159
경기도,평택시,현덕면,769,4122037000,36.9673461,126.921491
경기도,평택시,포승읍,770,4122025600,36.9825921,126.8855647
경기도,평택시,청북읍,771,4122025900,37.03992733,126.9342102
경기도,평택시,진위면,772,4122031000,37.1001164,127.0908939
경기도,평택시,서탄면,773,4122032000,37.1082411,127.0353309
경기도,평택시,고덕면,774,4122033000,37.0423335,127.0177558
경기도,평택시,오성면,775,4122034000,37.0077606,126.9803196
경기도,평택시,중앙동,776,4122051000,37.0555602,127.0560559
경기도,평택시,서정동,777,4122052000,37.0677686,127.054693
경기도,평택시,지산동,778,4122055000,37.0774051,127.0575834
경기도,평택시,송북동,779,4122056000,37.0816496,127.0602318
경기도,평택시,신장1동,780,4122057000,37.0839637,127.0523878
경기도,평택시,신장2동,781,4122058000,37.0764523,127.0524366
경기도,평택시,송탄동,782,4122053500,37.0444271,127.0948472
경기도,평택시,세교동,783,4122064000,36.9999555,127.0824205
경기도,평택시,신평동,784,4122059000,36.9900397,127.0926499
경기도,평택시,통복동,785,4122061000,37.0007991,127.0872793
경기도,평택시,원평동,786,4122060000,36.9892772,127.0804949
경기도,평택시,비전1동,787,4122062000,37.0005839,127.0952511
경기도,평택시,비전2동,788,4122063000,36.990308,127.1117554
경기도,동두천시,생연1동,789,4125051000,37.9073941,127.0658974
경기도,동두천시,보산동,790,4125055000,37.9176421,127.0613165
경기도,동두천시,불현동,791,4125056500,37.89851268,127.0624376
경기도,동두천시,송내동,792,4125056600,37.89020657,127.0539089
경기도,동두천시,생연2동,793,4125052000,37.90121789,127.0499055
경기도,동두천시,중앙동,794,4125053500,37.90775728,127.0532394
경기도,동두천시,소요동,795,4125058000,37.92948972,127.0572543
경기도,동두천시,상패동,796,4125060000,37.90537169,127.0442776
경기도,안산시상록구,일동,797,4127151000,37.3103268,126.8661998
경기도,안산시상록구,성포동,798,4127159000,37.3206974,126.8494479
경기도,안산시상록구,이동,799,4127151500,37.3054479,126.8608393
경기도,안산시상록구,사1동,800,4127152000,37.2971032,126.8510469
경기도,안산시상록구,사2동,801,4127153000,37.2898094,126.8518778
경기도,안산시상록구,사3동,802,4127153500,37.2947354,126.8200502
경기도,안산시상록구,본오1동,803,4127154000,37.2851064,126.8642508
경기도,안산시상록구,반월동,804,4127160000,37.30618866,126.9021266
경기도,안산시상록구,본오2동,805,4127155000,37.296299,126.8722473
경기도,안산시상록구,본오3동,806,4127156000,37.301458,126.8638334
경기도,안산시상록구,부곡동,807,4127157000,37.3320122,126.8610739
경기도,안산시상록구,월피동,808,4127158000,37.3337031,126.8568333
경기도,안산시상록구,안산동,809,4127161000,37.3618773,126.8733509
경기도,안산시단원구,와동,810,4127351000,37.3417704,126.825558
경기도,안산시단원구,선부1동,811,4127358000,37.3343092,126.8044109
경기도,안산시단원구,선부2동,812,4127359000,37.3383614,126.8029199
경기도,안산시단원구,선부3동,813,4127360000,37.3450482,126.8125448
경기도,안산시단원구,원곡1동,814,4127355000,37.3279173,126.7969129
경기도,안산시단원구,원곡2동,815,4127356000,37.331609,126.8018317
경기도,안산시단원구,고잔1동,816,4127352000,37.3268362,126.8192019
경기도,안산시단원구,고잔2동,817,4127353000,37.3176503,126.8296526
경기도,안산시단원구,호수동,818,4127353500,37.3102794,126.8243855
경기도,안산시단원구,원곡본동,819,4127354000,37.3332877,126.7908684
경기도,안산시단원구,초지동,820,4127357000,37.309976,126.8168644
경기도,안산시단원구,대부동,821,4127361000,37.243767,126.5852893
경기도,고양시덕양구,주교동,822,4128151000,37.659413,126.8296137
경기도,고양시덕양구,성사1동,823,4128154000,37.6545064,126.8413743
경기도,고양시덕양구,성사2동,824,4128155000,37.6529397,126.8329262
경기도,고양시덕양구,능곡동,825,4128161000,37.62299799,126.8181204
경기도,고양시덕양구,흥도동,826,4128153000,37.6449259,126.8543481
경기도,고양시덕양구,창릉동,827,4128158000,37.6455307,126.8866085
경기도,고양시덕양구,원신동,828,4128152000,37.6774074,126.8758454
경기도,고양시덕양구,효자동,829,4128156000,37.6615865,126.9490948
경기도,고양시덕양구,신도동,830,4128157000,37.65140541,126.869685
경기도,고양시덕양구,고양동,831,4128159000,37.70336,126.9037479
경기도,고양시덕양구,관산동,832,4128160000,37.6879882,126.8625539
경기도,고양시덕양구,화정1동,833,4128162100,37.6446497,126.8335407
경기도,고양시덕양구,화정2동,834,4128162200,37.6305686,126.8357201
경기도,고양시덕양구,행주동,835,4128163000,37.618448,126.8253215
경기도,고양시덕양구,행신1동,836,4128164000,37.6223302,126.8359058
경기도,고양시덕양구,행신3동,837,4128165500,37.626329,126.8385936
경기도,고양시덕양구,행신2동,838,4128165000,37.6151363,126.833013
경기도,고양시덕양구,화전동,839,4128166000,37.6000455,126.8726584
경기도,고양시덕양구,대덕동,840,4128167000,37.5855675,126.8751875
경기도,고양시일산동구,식사동,841,4128551000,37.67734,126.8137071
경기도,고양시일산동구,고봉동,842,4128560000,37.7018996,126.8272214
경기도,고양시일산동구,중산동,843,4128552000,37.6918174,126.7804415
경기도,고양시일산동구,정발산동,844,4128553000,37.6724381,126.7798593
경기도,고양시일산동구,풍산동,845,4128554000,37.66422804,126.7996698
경기도,고양시일산동구,백석1동,846,4128555100,37.6496689,126.7924887
경기도,고양시일산동구,마두1동,847,4128556000,37.6558025,126.7898085
경기도,고양시일산동구,마두2동,848,4128557000,37.6535909,126.7844795
경기도,고양시일산동구,장항1동,849,4128558000,37.6416537,126.7705641
경기도,고양시일산동구,장항2동,850,4128559000,37.6499359,126.7783348
경기도,고양시일산동구,백석2동,851,4128555200,37.643927,126.7854774
경기도,고양시일산서구,일산1동,852,4128751000,37.6872483,126.7685542
경기도,고양시일산서구,일산2동,853,4128752000,37.6846359,126.7772158
경기도,고양시일산서구,일산3동,854,4128753000,37.6769823,126.7702604
경기도,고양시일산서구,탄현동,855,4128754000,37.6943496,126.7684516
경기도,고양시일산서구,주엽1동,856,4128755000,37.6701248,126.7633175
경기도,고양시일산서구,주엽2동,857,4128756000,37.6741121,126.7604755
경기도,고양시일산서구,대화동,858,4128757000,37.6829848,126.7551414
경기도,고양시일산서구,송포동,859,4128758000,37.6714314,126.7354521
경기도,고양시일산서구,송산동,860,4128759000,37.6909153,126.7543217
경기도,과천시,중앙동,861,4129051000,37.4360881,126.9926915
경기도,과천시,과천동,862,4129055000,37.44840516,126.9954597
경기도,과천시,갈현동,863,4129052000,37.4193613,126.9891188
경기도,과천시,문원동,864,4129056000,37.42631619,127.0018651
경기도,과천시,별양동,865,4129053000,37.4242328,126.9937625
경기도,과천시,부림동,866,4129054000,37.39873599,126.959442
경기도,구리시,갈매동,867,4131051000,37.6348,127.116307
경기도,구리시,동구동,868,4131052000,37.611734,127.1393488
경기도,구리시,인창동,869,4131053000,37.6045311,127.1349912
경기도,구리시,교문1동,870,4131054100,37.6012308,127.1276697
경기도,구리시,수택1동,871,4131057000,37.5964376,127.1491626
경기도,구리시,교문2동,872,4131054200,37.5870637,127.134158
경기도,구리시,수택2동,873,4131058000,37.5931907,127.1400932
경기도,구리시,수택3동,874,4131059000,37.5915202,127.1386679
경기도,남양주시,와부읍,875,4136025000,37.5855145,127.2163294
경기도,남양주시,조안면,876,4136036000,37.5358833,127.3034557
경기도,남양주시,진접읍,877,4136025300,37.7263293,127.1898638
경기도,남양주시,화도읍,878,4136025600,37.6578481,127.3007103
경기도,남양주시,진건읍,879,4136025900,37.6546414,127.177687
경기도,남양주시,오남읍,880,4136026200,37.6985759,127.2048422
경기도,남양주시,수동면,881,4136034000,37.7036192,127.3259197
경기도,남양주시,별내면,882,4136031000,37.7026772,127.1248907
경기도,남양주시,퇴계원면,883,4136037000,37.6489851,127.1446671
경기도,남양주시,별내동,884,4136057000,37.6480467,127.1271062
경기도,남양주시,호평동,885,4136051000,37.6562717,127.2470282
경기도,남양주시,평내동,886,4136052000,37.6483799,127.236065
경기도,남양주시,금곡동,887,4136053000,37.6320822,127.2056701
경기도,남양주시,양정동,888,4136054000,37.6163566,127.1871418
경기도,남양주시,지금동,889,4136055000,37.60790032,127.1695657
경기도,남양주시,도농동,890,4136056000,37.607238,127.159001
경기도,오산시,중앙동,891,4137051000,37.152003,127.072989
경기도,오산시,대원동,892,4137057000,37.138617,127.071723
경기도,오산시,신장동,893,4137054000,37.176331,127.054489
경기도,오산시,남촌동,894,4137053000,37.1545873,127.0634552
경기도,오산시,세마동,895,4137055000,37.1883003,127.0408236
경기도,오산시,초평동,896,4137056000,37.1398415,127.040658
경기도,시흥시,대야동,897,4139051000,37.443046,126.7885382
경기도,시흥시,신천동,898,4139052000,37.4354796,126.7817845
경기도,시흥시,정왕4동,899,4139059400,37.365502,126.7322537
경기도,시흥시,정왕본동,900,4139058900,37.3494077,126.7460667
경기도,시흥시,군자동,901,4139058100,37.339936,126.785092
경기도,시흥시,월곶동,902,4139058200,37.3911797,126.739527
경기도,시흥시,정왕2동,903,4139059200,37.3510384,126.7289508
경기도,시흥시,정왕3동,904,4139059300,37.3576102,126.7264484
경기도,시흥시,정왕1동,905,4139059100,37.3402596,126.7439849
경기도,시흥시,신현동,906,4139053100,37.4061802,126.7846119
경기도,시흥시,은행동,907,4139054000,37.436309,126.798014
경기도,시흥시,매화동,908,4139055000,37.4180103,126.8153455
경기도,시흥시,목감동,909,4139057000,37.3846189,126.8573418
경기도,시흥시,과림동,910,4139062100,37.4368748,126.8328901
경기도,시흥시,능곡동,911,4139064000,37.3663177,126.815847
경기도,시흥시,연성동,912,4139063000,37.3815286,126.8034528
경기도,시흥시,장곡동,913,4139063100,37.37725193,126.7881975
경기도,군포시,군포1동,914,4141051000,37.3536106,126.9455607
경기도,군포시,금정동,915,4141056000,37.3654002,126.9392711
경기도,군포시,군포2동,916,4141052000,37.3463472,126.9430785
경기도,군포시,대야동,917,4141061000,37.3302814,126.9153468
경기도,군포시,산본1동,918,4141054000,37.3733685,126.9385782
경기도,군포시,산본2동,919,4141055000,37.3700207,126.9327105
경기도,군포시,수리동,920,4141059000,37.3560656,126.9210383
경기도,군포시,궁내동,921,4141060000,37.3596595,126.9218473
경기도,군포시,재궁동,922,4141057000,37.3584406,126.9390419
경기도,군포시,오금동,923,4141058000,37.3510324,126.9295356
경기도,군포시,광정동,924,4141062000,37.3620853,126.9279404
경기도,의왕시,고천동,925,4143051000,37.347692,126.976078
경기도,의왕시,부곡동,926,4143052000,37.3187382,126.9567638
경기도,의왕시,오전동,927,4143053000,37.3536017,126.9715207
경기도,의왕시,내손1동,928,4143054000,37.3782836,126.9755986
경기도,의왕시,내손2동,929,4143055000,37.38759,126.981483
경기도,의왕시,청계동,930,4143056000,37.3885865,126.9959664
경기도,하남시,천현동,931,4145051000,37.519184,127.224028
경기도,하남시,춘궁동,932,4145059000,37.5221662,127.1941462
경기도,하남시,초이동,933,4145060000,37.536629,127.1708668
경기도,하남시,풍산동,934,4145057000,37.5490197,127.1850903
경기도,하남시,미사1동,935,4145061000,37.56031593,127.188808
경기도,하남시,미사2동,936,4145062000,37.56717508,127.1860544
경기도,하남시,감북동,937,4145058000,37.5162035,127.1617394
경기도,하남시,위례동,938,4145058500,37.47720239,127.1524211
경기도,하남시,신장1동,939,4145052000,37.5387867,127.2095729
경기도,하남시,덕풍1동,940,4145054000,37.5335152,127.2005793
경기도,하남시,덕풍2동,941,4145055000,37.5422842,127.1981451
경기도,하남시,신장2동,942,4145053000,37.5416909,127.2139034
경기도,하남시,덕풍3동,943,4145056000,37.5525119,127.2047858
경기도,용인시처인구,포곡읍,944,4146125000,37.2778194,127.2308211
경기도,용인시처인구,모현면,945,4146131000,37.3295337,127.2423619
경기도,용인시처인구,남사면,946,4146132000,37.1156802,127.1505051
경기도,용인시처인구,이동면,947,4146133000,37.14126116,127.1962569
경기도,용인시처인구,원삼면,948,4146134000,37.1665888,127.3132635
경기도,용인시처인구,백암면,949,4146135000,37.163406,127.3753796
경기도,용인시처인구,양지면,950,4146136000,37.2354873,127.2798397
경기도,용인시처인구,중앙동,951,4146151000,37.23426775,127.2054871
경기도,용인시처인구,역삼동,952,4146152000,37.233805,127.187231
경기도,용인시처인구,유림동,953,4146153000,37.252856,127.2120516
경기도,용인시처인구,동부동,954,4146154000,37.2327714,127.2191759
경기도,용인시기흥구,구갈동,955,4146352000,37.2724253,127.1275904
경기도,용인시기흥구,상갈동,956,4146353000,37.266581,127.1076933
경기도,용인시기흥구,상하동,957,4146358600,37.2705137,127.1383973
경기도,용인시기흥구,기흥동,958,4146354000,37.2429817,127.1027323
경기도,용인시기흥구,서농동,959,4146355000,37.2467988,127.0733652
경기도,용인시기흥구,구성동,960,4146356000,37.2967623,127.1189832
경기도,용인시기흥구,동백동,961,4146358500,37.2722139,127.1510056
경기도,용인시기흥구,마북동,962,4146357000,37.3040956,127.1235246
경기도,용인시기흥구,보정동,963,4146359000,37.3194834,127.1146958
경기도,용인시기흥구,신갈동,964,4146351000,37.2726044,127.1067683
경기도,용인시기흥구,영덕동,965,4146351500,37.2778448,127.0738103
경기도,용인시수지구,풍덕천1동,966,4146551000,37.3279561,127.0950264
경기도,용인시수지구,풍덕천2동,967,4146552000,37.3194624,127.0887791
경기도,용인시수지구,죽전1동,968,4146554000,37.3310497,127.1139958
경기도,용인시수지구,죽전2동,969,4146555000,37.3259098,127.1067309
경기도,용인시수지구,신봉동,970,4146553000,37.3206663,127.0836404
경기도,용인시수지구,동천동,971,4146556000,37.341861,127.0992375
경기도,용인시수지구,성복동,972,4146559000,37.3164878,127.0690016
경기도,용인시수지구,상현1동,973,4146557000,37.3046261,127.0811457
경기도,용인시수지구,상현2동,974,4146558000,37.3094198,127.0859427
경기도,파주시,문산읍,975,4148025000,37.8567524,126.7910164
경기도,파주시,파주읍,976,4148025300,37.8307195,126.8200104
경기도,파주시,법원읍,977,4148025600,37.8491705,126.8823933
경기도,파주시,조리읍,978,4148026200,37.7447623,126.8052374
경기도,파주시,교하동,979,4148054000,37.7359411,126.715374
경기도,파주시,운정1동,980,4148055000,37.7253124,126.7585956
경기도,파주시,운정2동,981,4148056000,37.7288768,126.7466414
경기도,파주시,운정3동,982,4148057000,37.7121171,126.7458456
경기도,파주시,진동면,983,4148040000,37.94210764,126.7977674
경기도,파주시,장단면,984,4148039000,37.89901034,126.690459
경기도,파주시,진서면,985,4148041000,37.95110477,126.7134151
경기도,파주시,파평면,986,4148036000,37.9219322,126.8379583
경기도,파주시,적성면,987,4148037000,37.954283,126.9176169
경기도,파주시,군내면,988,4148038000,37.93749781,126.7201987
경기도,파주시,월롱면,989,4148031000,37.7962204,126.7893368
경기도,파주시,탄현면,990,4148032000,37.8024773,126.7161589
경기도,파주시,광탄면,991,4148035000,37.7761649,126.8512215
경기도,파주시,금촌2동,992,4148052000,37.7515853,126.7772012
경기도,파주시,금촌1동,993,4148051000,37.7663443,126.7759721
경기도,파주시,금촌3동,994,4148053000,37.7675325,126.775401
경기도,이천시,장호원읍,995,4150025000,37.115146,127.616798
경기도,이천시,설성면,996,4150037000,37.132645,127.522044
경기도,이천시,율면,997,4150038000,37.094528,127.546449
경기도,이천시,부발읍,998,4150025300,37.283856,127.486907
경기도,이천시,신둔면,999,4150031000,37.306469,127.404025
경기도,이천시,백사면,1000,4150032000,37.339014,127.490691
경기도,이천시,대월면,1001,4150035000,37.230044,127.492405
경기도,이천시,호법면,1002,4150033000,37.223229,127.424897
경기도,이천시,마장면,1003,4150034000,37.249129,127.357926
경기도,이천시,모가면,1004,4150036000,37.171863,127.480154
경기도,이천시,창전동,1005,4150051000,37.283097,127.441148
경기도,이천시,중리동,1006,4150052000,37.278087,127.441774
경기도,이천시,관고동,1007,4150053000,37.282354,127.438228
경기도,이천시,증포동,1008,4150051500,37.290389,127.452551
경기도,안성시,공도읍,1009,4155025000,37.0010194,127.1725189
경기도,안성시,양성면,1010,4155036000,37.0600525,127.1946219
경기도,안성시,원곡면,1011,4155038000,37.0394276,127.129479
경기도,안성시,보개면,1012,4155031000,37.0230233,127.2908762
경기도,안성시,대덕면,1013,4155035000,37.0124258,127.2378725
경기도,안성시,고삼면,1014,4155042000,37.082695,127.2634598
경기도,안성시,일죽면,1015,4155039000,37.0905667,127.4770372
경기도,안성시,죽산면,1016,4155040000,37.0785588,127.422482
경기도,안성시,삼죽면,1017,4155041000,37.0730495,127.3748258
경기도,안성시,금광면,1018,4155032000,36.997231,127.3175329
경기도,안성시,서운면,1019,4155033000,36.9433069,127.2595528
경기도,안성시,미양면,1020,4155034000,36.9753587,127.2153358
경기도,안성시,안성1동,1021,4155051000,37.0056721,127.2742672
경기도,안성시,안성2동,1022,4155052000,37.0006289,127.2698586
경기도,안성시,안성3동,1023,4155053000,37.0142333,127.2577398
경기도,김포시,통진읍,1024,4157025000,37.69065726,126.596332
경기도,김포시,양촌읍,1025,4157025600,37.65720336,126.6254299
경기도,김포시,하성면,1026,4157036000,37.72017939,126.6313345
경기도,김포시,대곶면,1027,4157034000,37.64911886,126.582541
경기도,김포시,월곶면,1028,4157035000,37.71516882,126.5527148
경기도,김포시,고촌읍,1029,4157025300,37.60325127,126.7709616
경기도,김포시,김포1동,1030,4157051000,37.6276091,126.7057104
경기도,김포시,사우동,1031,4157054000,37.61930752,126.7167454
경기도,김포시,풍무동,1032,4157055000,37.60214647,126.7220342
경기도,김포시,장기동,1033,4157056000,37.63972679,126.6713337
경기도,김포시,구래동,1034,4157057000,37.64647908,126.6236784
경기도,김포시,김포2동,1035,4157052000,37.6523694,126.6717652
경기도,김포시,운양동,1036,4157058000,37.65143782,126.6832166
경기도,화성시,봉담읍,1037,4159025300,37.22006251,126.9494663
경기도,화성시,매송면,1038,4159031000,37.25234551,126.9091559
경기도,화성시,비봉면,1039,4159032000,37.23580406,126.8738968
경기도,화성시,우정읍,1040,4159025600,37.08981391,126.8153853
경기도,화성시,팔탄면,1041,4159036000,37.1622205,126.9049137
경기도,화성시,장안면,1042,4159037000,37.07953775,126.8311722
경기도,화성시,향남읍,1043,4159025900,37.13213435,126.9200329
경기도,화성시,양감면,1044,4159040000,37.08168786,126.9457207
경기도,화성시,정남면,1045,4159041000,37.16027192,126.9711188
경기도,화성시,남양읍,1046,4159026200,37.21175882,126.8237858
경기도,화성시,마도면,1047,4159033000,37.20548812,126.7696371
경기도,화성시,송산면,1048,4159034000,37.21784359,126.7391541
경기도,화성시,서신면,1049,4159035000,37.16623248,126.709261
경기도,화성시,동탄2동,1050,4159058600,37.19694399,127.0723089
경기도,화성시,동탄1동,1051,4159058500,37.2064524,127.0719171
경기도,화성시,동탄3동,1052,4159058700,37.20995564,127.0587566
경기도,화성시,동탄면,1053,4159042000,37.20992868,127.064345
경기도,화성시,동탄4동,1054,4159058800,37.1999211,127.1123177
경기도,화성시,반월동,1055,4159055000,37.23313752,127.0605944
경기도,화성시,기배동,1056,4159056000,37.22434017,126.9846378
경기도,화성시,화산동,1057,4159057000,37.20607938,127.0148963
경기도,화성시,진안동,1058,4159052000,37.21334419,127.0350013
경기도,화성시,병점1동,1059,4159053000,37.20686293,127.0372612
경기도,화성시,병점2동,1060,4159054000,37.21147341,127.0430146
경기도,광주시,오포읍,1061,4161025000,37.3661517,127.228625
경기도,광주시,초월읍,1062,4161025300,37.38524761,127.2879413
경기도,광주시,곤지암읍,1063,4161025900,37.35093417,127.3523773
경기도,광주시,도척면,1064,4161033000,37.3048153,127.3311699
경기도,광주시,퇴촌면,1065,4161034000,37.46690935,127.3071219
경기도,광주시,남종면,1066,4161035000,37.49427185,127.3019843
경기도,광주시,남한산성면,1067,4161037000,37.46338016,127.2442802
경기도,광주시,경안동,1068,4161051000,37.4108575,127.2572896
경기도,광주시,송정동,1069,4161052000,37.41968948,127.246097
경기도,광주시,광남동,1070,4161053000,37.389029,127.2298141
경기도,양주시,백석읍,1071,4163025000,37.7947803,126.9852893
경기도,양주시,장흥면,1072,4163034000,37.71788509,126.9408766
경기도,양주시,은현면,1073,4163031000,37.87509218,127.0243713
경기도,양주시,남면,1074,4163032000,37.89761105,126.9768998
경기도,양주시,광적면,1075,4163033000,37.82458933,126.9836323
경기도,양주시,양주1동,1076,4163051000,37.7733586,127.0440739
경기도,양주시,회천1동,1077,4163053000,37.84383275,127.0662082
경기도,양주시,회천2동,1078,4163054000,37.82166554,127.0467574
경기도,양주시,회천4동,1079,4163056000,37.83727149,127.0901715
경기도,양주시,양주2동,1080,4163052000,37.79689305,127.0803447
경기도,양주시,회천3동,1081,4163055000,37.83782645,127.0689196
경기도,포천시,소흘읍,1082,4165025000,37.8234959,127.138433
경기도,포천시,군내면,1083,4165031000,37.8889579,127.2177689
경기도,포천시,내촌면,1084,4165032000,37.7861387,127.2285922
경기도,포천시,가산면,1085,4165033000,37.84821,127.1861447
경기도,포천시,화현면,1086,4165041000,37.901193,127.2880764
경기도,포천시,신북면,1087,4165034000,37.933686,127.2264139
경기도,포천시,창수면,1088,4165035000,37.9913107,127.1890876
경기도,포천시,영중면,1089,4165036000,38.0057079,127.2454907
경기도,포천시,일동면,1090,4165037000,37.9612753,127.3172872
경기도,포천시,이동면,1091,4165038000,38.0307208,127.3673062
경기도,포천시,영북면,1092,4165039000,38.0892933,127.2756357
경기도,포천시,관인면,1093,4165040000,38.1577316,127.2507094
경기도,포천시,포천동,1094,4165051000,37.8982182,127.2003234
경기도,포천시,선단동,1095,4165052000,37.8541742,127.1591707
경기도,여주시,여흥동,1096,4167051000,37.294961,127.639628
경기도,여주시,중앙동,1097,4167052000,37.2986948,127.6289509
경기도,여주시,오학동,1098,4167053000,37.3098261,127.6445098
경기도,여주시,점동면,1099,4167031000,37.2060146,127.6622999
경기도,여주시,북내면,1100,4167036000,37.3290551,127.6790849
경기도,여주시,강천면,1101,4167037000,37.2728444,127.7110756
경기도,여주시,흥천면,1102,4167032000,37.3333071,127.541425
경기도,여주시,금사면,1103,4167033000,37.3925772,127.533363
경기도,여주시,산북면,1104,4167038000,37.4020629,127.4429544
경기도,여주시,대신면,1105,4167035000,37.3750678,127.5865394
경기도,여주시,가남읍,1106,4167025000,37.2016581,127.5448788
경기도,여주시,능서면,1107,4167034000,37.2999863,127.5734586
경기도,연천군,연천읍,1108,4180025000,38.1038877,127.0758604
경기도,연천군,전곡읍,1109,4180025300,38.0280123,127.0637091
경기도,연천군,청산면,1110,4180032000,37.9817276,127.0677713
경기도,연천군,군남면,1111,4180031000,38.08516,127.018723
경기도,연천군,백학면,1112,4180033000,38.0300507,126.9168715
경기도,연천군,미산면,1113,4180034000,38.0474317,126.9928317
경기도,연천군,장남면,1114,4180038000,37.9821301,126.8845718
경기도,연천군,왕징면,1115,4180035000,38.058599,127.0128027
경기도,연천군,신서면,1116,4180036000,38.1829416,127.1069511
경기도,연천군,중면,1117,4180037000,38.1358246,127.0191034
경기도,가평군,가평읍,1118,4182025000,37.8253601,127.5165387
경기도,가평군,북면,1119,4182035000,37.8856354,127.5502482
경기도,가평군,조종면,1120,4182034500,37.81771088,127.3534121
경기도,가평군,설악면,1121,4182031000,37.6761938,127.4946907
경기도,가평군,청평면,1122,4182032500,37.7404481,127.4241733
경기도,가평군,상면,1123,4182033000,37.8047464,127.3571544
경기도,양평군,양평읍,1124,4183025000,37.478775,127.505511
경기도,양평군,강상면,1125,4183031000,37.477204,127.4854892
경기도,양평군,강하면,1126,4183032000,37.495837,127.410514
경기도,양평군,양서면,1127,4183033000,37.543979,127.326052
경기도,양평군,옥천면,1128,4183034000,37.518148,127.4560365
경기도,양평군,서종면,1129,4183035000,37.606584,127.348712
경기도,양평군,단월면,1130,4183036000,37.538558,127.6729817
경기도,양평군,청운면,1131,4183037000,37.556255,127.710723
경기도,양평군,용문면,1132,4183040000,37.486784,127.595711
경기도,양평군,양동면,1133,4183038000,37.419076,127.754806
경기도,양평군,지평면,1134,4183039500,37.474526,127.595707
경기도,양평군,개군면,1135,4183041000,37.425989,127.536798
